{"credit": "Made by patreon.com/hancik", "texture_size": [32, 32], "textures": {"1": "minecraft:item/minecraft:colorful-swords-pack_diamond_texture"}, "elements": [{"from": [7.01104, 0.51, 7.01], "to": [8.99104, 9.49, 8.99], "rotation": {"angle": 0, "axis": "y", "origin": [8.00052, 15.75, 8]}, "faces": {"north": {"uv": [6, 0, 7, 4.5], "texture": "#1"}, "east": {"uv": [6, 4.5, 7, 9], "texture": "#1"}, "south": {"uv": [7, 0, 8, 4.5], "texture": "#1"}, "west": {"uv": [7, 4.5, 8, 9], "texture": "#1"}, "up": {"uv": [4.5, 11.5, 3.5, 10.5], "texture": "#1"}, "down": {"uv": [5.5, 10.5, 4.5, 11.5], "texture": "#1"}}}, {"from": [6.51104, 0.51, 6.51], "to": [9.49104, 1.49, 9.49], "rotation": {"angle": 0, "axis": "y", "origin": [8.00052, 15.75, 8]}, "faces": {"north": {"uv": [0, 11.5, 1.5, 12], "texture": "#1"}, "east": {"uv": [11.5, 4.5, 13, 5], "texture": "#1"}, "south": {"uv": [11.5, 5, 13, 5.5], "texture": "#1"}, "west": {"uv": [5.5, 11.5, 7, 12], "texture": "#1"}, "up": {"uv": [10.5, 10.5, 9, 9], "texture": "#1"}, "down": {"uv": [1.5, 10, 0, 11.5], "texture": "#1"}}}, {"from": [7.01, -0.49, 7.035], "to": [8.99, 1.49, 8.965], "rotation": {"angle": -45, "axis": "z", "origin": [8, 0.5, 8]}, "faces": {"north": {"uv": [5.5, 10.5, 6.5, 11.5], "texture": "#1"}, "east": {"uv": [6.5, 10.5, 7.5, 11.5], "texture": "#1"}, "south": {"uv": [7.5, 10.5, 8.5, 11.5], "texture": "#1"}, "west": {"uv": [8.5, 10.5, 9.5, 11.5], "texture": "#1"}, "up": {"uv": [11.5, 10, 10.5, 9], "texture": "#1"}, "down": {"uv": [10.5, 10.5, 9.5, 11.5], "texture": "#1"}}}, {"from": [4.50104, 10.5, 7], "to": [11.50104, 12.5, 9], "rotation": {"angle": 0, "axis": "y", "origin": [8.00052, 15.75, 8]}, "faces": {"north": {"uv": [8, 4, 11.5, 5], "texture": "#1"}, "east": {"uv": [10.5, 10, 11.5, 11], "texture": "#1"}, "south": {"uv": [8, 5, 11.5, 6], "texture": "#1"}, "west": {"uv": [1.5, 11, 2.5, 12], "texture": "#1"}, "up": {"uv": [11.5, 7, 8, 6], "texture": "#1"}, "down": {"uv": [11.5, 7, 8, 8], "texture": "#1"}}}, {"from": [5.25, 12.5, 7], "to": [10.75, 13.5, 9], "rotation": {"angle": 0, "axis": "y", "origin": [8, 9, 8]}, "faces": {"north": {"uv": [10, 3, 13, 3.5], "texture": "#1"}, "east": {"uv": [11.5, 5.5, 12.5, 6], "texture": "#1"}, "south": {"uv": [3.5, 10, 6.5, 10.5], "texture": "#1"}, "west": {"uv": [11.5, 6, 12.5, 6.5], "texture": "#1"}, "up": {"uv": [11, 9, 8, 8], "texture": "#1"}, "down": {"uv": [9, 9, 6, 10], "texture": "#1"}}}, {"from": [6, 8.5, 7], "to": [10, 10.5, 9], "rotation": {"angle": 0, "axis": "y", "origin": [8.75, 9.5, 8]}, "faces": {"north": {"uv": [10, 0, 12, 1], "texture": "#1"}, "east": {"uv": [2.5, 11, 3.5, 12], "texture": "#1"}, "south": {"uv": [10, 1, 12, 2], "texture": "#1"}, "west": {"uv": [11, 8, 12, 9], "texture": "#1"}, "up": {"uv": [3.5, 11, 1.5, 10], "texture": "#1"}, "down": {"uv": [12, 2, 10, 3], "texture": "#1"}}}, {"from": [5.50104, 11.5, 7.5], "to": [10.50104, 31.5, 8.5], "rotation": {"angle": 0, "axis": "y", "origin": [8.00052, 15.75, 8]}, "faces": {"north": {"uv": [0, 0, 2.5, 10], "texture": "#1"}, "east": {"uv": [5, 0, 5.5, 10], "texture": "#1"}, "south": {"uv": [2.5, 0, 5, 10], "texture": "#1"}, "west": {"uv": [5.5, 0, 6, 10], "texture": "#1"}, "up": {"uv": [12.5, 4, 10, 3.5], "texture": "#1"}, "down": {"uv": [9, 10, 6.5, 10.5], "texture": "#1"}}}, {"from": [-4.90528, 25.11807, 7.474], "to": [-1.36828, 28.65507, 8.526], "rotation": {"angle": -45, "axis": "z", "origin": [8.00052, 15.75, 8]}, "faces": {"north": {"uv": [8, 0, 10, 2], "texture": "#1"}, "east": {"uv": [10.5, 11, 11, 13], "texture": "#1"}, "south": {"uv": [8, 2, 10, 4], "texture": "#1"}, "west": {"uv": [11, 11, 11.5, 13], "texture": "#1"}, "up": {"uv": [5.5, 12, 3.5, 11.5], "texture": "#1"}, "down": {"uv": [13.5, 4, 11.5, 4.5], "texture": "#1"}}}], "display": {"thirdperson_righthand": {"rotation": [5, -90, 0], "translation": [0, 0.5, 1.25], "scale": [0.85, 0.85, 0.85]}, "thirdperson_lefthand": {"rotation": [5, -90, 0], "translation": [0, 0.5, 1.25], "scale": [0.85, 0.85, 0.85]}, "firstperson_righthand": {"rotation": [-7.75, -90, 0], "translation": [1.63, 1.45, 2.13], "scale": [0.55, 0.55, 0.55]}, "firstperson_lefthand": {"rotation": [-7.75, -90, 0], "translation": [1.63, 1.45, 2.13], "scale": [0.55, 0.55, 0.55]}, "ground": {"translation": [0, 2.25, 0], "scale": [0.5, 0.5, 0.5]}, "gui": {"rotation": [-180, 0, -135], "translation": [-3.25, -3.25, -0.75], "scale": [0.55, 0.55, 0.55]}, "head": {"translation": [0.25, 8.5, 0.75], "scale": [0.6, 0.6, 0.6]}, "fixed": {"rotation": [-180, 0, 135], "translation": [3, -3.5, -0.75], "scale": [0.55, 0.55, 0.55]}}, "groups": [{"name": "sword", "origin": [8, 8, 8], "color": 0, "children": [{"name": "ozdoba", "origin": [8, 8, 8], "color": 0, "children": []}, {"name": "rukojet", "origin": [8, 8, 8], "color": 0, "children": [0, 1, 2]}, {"name": "stred", "origin": [8, 8, 8], "color": 0, "children": [3, 4, 5]}, {"name": "ostri", "origin": [8, 8, 8], "color": 0, "children": [6, 7]}]}]}